Peak_Location,Peak_Time,slope_ch4_mgLmin,ch4_r2,slope_co2_mgLmin,co2_r2,ch4_flux_mgCm2d,co2_flux_mgCm2d,ch4_flux_umolCm2s,co2_flux_umolCm2s,Notes
178,5/11/2002 20:43,8.64E-05,0.9754,0.0019335,0.97915,21.915,490.3,0.021117,0.47246,CHECK DATETIME WITH UGGA; Jun 29 2020
361,5/11/2002 20:49,0.00011242,0.97505,0.0025259,0.97287,28.506,640.51,0.027469,0.61721,CHECK DATETIME WITH UGGA; Jun 29 2020
711,7/6/2020 13:30,0.0001929,0.95724,0.001435,0.97229,48.915,363.89,0.047135,0.35065,
1628,7/6/2020 13:45,0.00026265,0.98081,0.0024107,0.98409,66.604,611.32,0.064181,0.58908,
